title,rating,review_count,rating_category,address,located_in,working_hours,website,phone,instagram,plus_code,popular_hours_of_today,photos,keycontent,images,id,reviews,geo_location,longitude,latitude,url,timestamp
NKD,4.3,95,Clothing store,"îƒˆ Ob. MarktstraÃŸe 1-3, 63110 Rodgau, Germany","Ob. MarktstraÃŸe 1-3, 63110 Rodgau, Germany","Tuesday, 9â€¯AMâ€“6:30â€¯PM, î…, Wednesday, 9â€¯AMâ€“6:30â€¯PM, î…, Thursday, 9â€¯AMâ€“6:30â€¯PM, î…, Friday, 9â€¯AMâ€“6:30â€¯PM, î…, Saturday, 9â€¯AMâ€“3â€¯PM, î…, Sunday, Closed, î…, Monday, 9â€¯AMâ€“6:30â€¯PM, î…",https://www.nkd.com,,,"XVX8+PM Rodgau, Germany Copy plus code","Open, â‹… Closes 6:30â€¯PM","https://lh5.googleusercontent.com/p/AF1QipN4TQ2cwomKQzE6aJ56K3HamNJgN0nDn-zjBgT9=w438-h298-k-no, https://streetviewpixels-pa.googleapis.com/v1/thumbnail?panoid=R722hr2gPbp_G2DzEiUSvw&cb_client=maps_sv.tactile.gps&w=224&h=298&yaw=251.92648&pitch=0&thumbfov=100",NKD4395,"https://lh5.googleusercontent.com/p/AF1QipN4TQ2cwomKQzE6aJ56K3HamNJgN0nDn-zjBgT9=w438-h298-k-no, https://streetviewpixels-pa.googleapis.com/v1/thumbnail?panoid=R722hr2gPbp_G2DzEiUSvw&cb_client=maps_sv.tactile.gps&w=224&h=298&yaw=251.92648&pitch=0&thumbfov=100",af63e66fc1aeeae5bcd850fc9c5241dd,"[{'review_title': '', 'reviewer': '', 'review': 'Not a very wide choice, but suits basic needs if you need something within pedestrians reach.', 'review_age': '7 years ago'}, {'review_title': '', 'reviewer': '', 'review': 'Gut', 'review_age': '5 years ago'}, {'review_title': '', 'reviewer': '', 'review': 'Super ğŸ‘ğŸ‘ğŸ‘ğŸ‘ğŸ‘ â€¦', 'review_age': '3 years ago'}]",[''],8.8667483,49.9993078,https://www.google.com/maps/place/NKD/data=!4m7!3m6!1s0x47bd6b489c2e0413:0x3123e270df621458!8m2!3d49.9993078!4d8.8667483!16s%2Fg%2F1tvw417f!19sChIJEwQunEhrvUcRWBRi33DiIzE?authuser=0&hl=en&rclk=1,2024-11-12T09:44:33Z
NKD,4.1,59,Clothing store,"îƒˆ Edigheimer Str. 28, 67069 Ludwigshafen am Rhein, Germany","Edigheimer Str. 28, 67069 Ludwigshafen am Rhein, Germany","Tuesday, 9â€¯amâ€“6â€¯pm, î…, Wednesday, 9â€¯amâ€“6â€¯pm, î…, Thursday, 9â€¯amâ€“6â€¯pm, î…, Friday, 9â€¯amâ€“6â€¯pm, î…, Saturday, 9â€¯amâ€“2â€¯pm, î…, Sunday, Closed, î…, Monday, 9â€¯amâ€“6â€¯pm, î…",https://www.nkd.com,,,"GCC3+MG Ludwigshafen, Germany Copy plus code","Open, â‹… Closes 6â€¯pm","https://lh5.googleusercontent.com/p/AF1QipP7Zwit48jkGGbUxbj4aYW0NvuyQz_awegL8O6P=w224-h298-k-no, https://lh5.googleusercontent.com/p/AF1QipP7Zwit48jkGGbUxbj4aYW0NvuyQz_awegL8O6P=w224-h298-k-no, https://streetviewpixels-pa.googleapis.com/v1/thumbnail?panoid=KyZxz9E1Q0r7UCZMgIQyjQ&cb_client=maps_sv.tactile.gps&w=224&h=298&yaw=214.41615&pitch=0&thumbfov=100",NKD4159,"https://lh5.googleusercontent.com/p/AF1QipP7Zwit48jkGGbUxbj4aYW0NvuyQz_awegL8O6P=w224-h298-k-no, https://lh5.googleusercontent.com/p/AF1QipP7Zwit48jkGGbUxbj4aYW0NvuyQz_awegL8O6P=w224-h298-k-no, https://streetviewpixels-pa.googleapis.com/v1/thumbnail?panoid=KyZxz9E1Q0r7UCZMgIQyjQ&cb_client=maps_sv.tactile.gps&w=224&h=298&yaw=214.41615&pitch=0&thumbfov=100",54e05f705246b55540d9823d393aae86,"[{'review_title': '', 'reviewer': '', 'review': 'Always happy to browse: great loop scarf found in an animal look at a bargain price. Lots of dresses in the range with an animal look, just take a look!', 'review_age': '5 years ago'}, {'review_title': '', 'reviewer': '', 'review': ""The current selection of clothes in an NKD was not even modern 60 years ago. Since this is common knowledge, I wasn't in this store to buy clothes but to make a DPD return. â€¦ More"", 'review_age': '2 years ago'}, {'review_title': '', 'reviewer': '', 'review': 'Unfortunately, the staff was not taught how to deal with customers. The scared woman was impudent and cheeky!! Not recommended.', 'review_age': 'a year ago'}]",[''],8.4037709,49.5216268,https://www.google.com/maps/place/NKD/data=!4m7!3m6!1s0x4797cd3c7cdd90b1:0x3e2564756f6b78e0!8m2!3d49.5216268!4d8.4037709!16s%2Fg%2F1vcl2q8s!19sChIJsZDdfDzNl0cR4Hhrb3VkJT4?authuser=0&hl=en&rclk=1,2024-11-12T09:44:35Z
NKD,3.5,48,Clothing store,"îƒˆ Lorscher Str. 41, 60489 Frankfurt am Main, Germany","Lorscher Str. 41, 60489 Frankfurt am Main, Germany","Tuesday, 9â€¯AMâ€“7â€¯PM, î…, Wednesday, 9â€¯AMâ€“7â€¯PM, î…, Thursday, 9â€¯AMâ€“7â€¯PM, î…, Friday, 9â€¯AMâ€“7â€¯PM, î…, Saturday, 9â€¯AMâ€“6â€¯PM, î…, Sunday, Closed, î…, Monday, 9â€¯AMâ€“7â€¯PM, î…",https://www.nkd.com,,,"4JH4+6J Frankfurt, Germany Copy plus code","Open, â‹… Closes 7â€¯PM","https://lh5.googleusercontent.com/p/AF1QipPxGexNUPmlJtJRUDN8YEtFjMrbk-KApkqiaOMA=w529-h298-k-no, https://lh5.googleusercontent.com/p/AF1QipPPdweLty7C5e9ozS0Sv6jpb_lj-RNZMFE613BN=w529-h298-k-no, https://streetviewpixels-pa.googleapis.com/v1/thumbnail?panoid=LP67Zj-1Tf5VvTdrPOIjuA&cb_client=maps_sv.tactile.gps&w=224&h=298&yaw=254.8541&pitch=0&thumbfov=100",NKD3548,"https://lh5.googleusercontent.com/p/AF1QipPxGexNUPmlJtJRUDN8YEtFjMrbk-KApkqiaOMA=w529-h298-k-no, https://lh5.googleusercontent.com/p/AF1QipPPdweLty7C5e9ozS0Sv6jpb_lj-RNZMFE613BN=w529-h298-k-no, https://streetviewpixels-pa.googleapis.com/v1/thumbnail?panoid=LP67Zj-1Tf5VvTdrPOIjuA&cb_client=maps_sv.tactile.gps&w=224&h=298&yaw=254.8541&pitch=0&thumbfov=100",b15c82cf70d0070278c3146a478462e9,"[{'review_title': '', 'reviewer': '', 'review': 'I went to drop off DPD parcels. Except for the young guy who was lovely and a girl, the middle age woman was rude and did not want to accept my parcels (brought from home on a cart as I donâ€™t have a car). I immediately made a reclaim with â€¦ More', 'review_age': 'a year ago'}, {'review_title': '', 'reviewer': '', 'review': 'Love their selection of socks...', 'review_age': '5 years ago'}, {'review_title': '', 'reviewer': '', 'review': 'Super', 'review_age': '8 years ago'}]",[''],8.6066243,50.1280441,https://www.google.com/maps/place/NKD/data=!4m7!3m6!1s0x47bd0997564a74b1:0x6335c22123bc1273!8m2!3d50.1280441!4d8.6066243!16s%2Fg%2F1tctkxhf!19sChIJsXRKVpcJvUcRcxK8IyHCNWM?authuser=0&hl=en&rclk=1,2024-11-12T09:44:36Z
NKD,4.5,37,Clothing store,"îƒˆ VogelsbergstraÃŸe 114, 63679 Schotten, Germany","VogelsbergstraÃŸe 114, 63679 Schotten, Germany","Tuesday, 9â€¯AMâ€“6â€¯PM, î…, Wednesday, 9â€¯AMâ€“6â€¯PM, î…, Thursday, 9â€¯AMâ€“6â€¯PM, î…, Friday, 9â€¯AMâ€“6â€¯PM, î…, Saturday, 9â€¯AMâ€“3â€¯PM, î…, Sunday, Closed, î…, Monday, 9â€¯AMâ€“6â€¯PM, î…",https://www.nkd.com,,,"G42F+P9 Schotten, Germany Copy plus code","Open, â‹… Closes 6â€¯PM",,NKD4537,,d6e20da2a633138b15746db860d8cc7f,"[{'review_title': '', 'reviewer': '', 'review': ""Prices and quality match. The saleswoman was friendly and helpful. Fits well and I'll happily go shopping there again."", 'review_age': 'a year ago'}, {'review_title': '', 'reviewer': '', 'review': 'Very nice shop. Nice service.', 'review_age': '2 years ago'}, {'review_title': '', 'reviewer': '', 'review': 'Always very nice.\nI like going there', 'review_age': '2 years ago'}]",[''],9.1234597,50.5017953,https://www.google.com/maps/place/NKD/data=!4m7!3m6!1s0x47bcc2a4f134009f:0x8f581a7476ccd81b!8m2!3d50.5017953!4d9.1234597!16s%2Fg%2F1ths8gh_!19sChIJnwA08aTCvEcRG9jMdnQaWI8?authuser=0&hl=en&rclk=1,2024-11-12T09:44:59Z
NKD,3.6,5,Clothing Shop,"îƒˆ Wormser Str. 109, 67227 Frankenthal, Germany",Located in: Kaufland Frankenthal,"Tuesday, 9â€¯amâ€“8â€¯pm, î…, Wednesday, 9â€¯amâ€“8â€¯pm, î…, Thursday, 9â€¯amâ€“8â€¯pm, î…, Friday, 9â€¯amâ€“8â€¯pm, î…, Saturday, 9â€¯amâ€“8â€¯pm, î…, Sunday, Closed, î…, Monday, 9â€¯amâ€“8â€¯pm, î…",https://www.nkd.com,,,,"Open, â‹… Closes 8â€¯pm",,NKD365,,1a61d5f2fa7277efa90528e6c89e395b,"[{'review_title': '', 'reviewer': '', 'review': ""First of all, I otherwise really enjoy going to the NKD and usually find something, but the service in this branch and the way you deal with the customers is terrible.. every question is too many! I've already bought so much there but this â€¦ More"", 'review_age': 'a year ago'}, {'review_title': '', 'reviewer': '', 'review': ""The saleswoman was a bit rude, didn't return my greeting, no eye contact... the store was empty, it couldn't have been stressful.\nI would hope that you don't have the feeling of being a nuisance."", 'review_age': '2 years ago'}, {'review_title': '', 'reviewer': '', 'review': 'Inexpensive clothing and knick-knacks', 'review_age': '2 months ago'}]",[''],8.3514101,49.5471783,https://www.google.com/maps/place/NKD/data=!4m7!3m6!1s0x4796339581e36c6b:0x29b5fc3fec900f3a!8m2!3d49.5471783!4d8.3514101!16s%2Fg%2F11h89h8zj2!19sChIJa2zjgZUzlkcROg-Q7D_8tSk?authuser=0&hl=en&rclk=1,2024-11-12T09:45:01Z
NKD,4.5,19,Clothing store,"îƒˆ OberstraÃŸe 165, 56154 Boppard, Germany","OberstraÃŸe 165, 56154 Boppard, Germany","Tuesday, 9â€¯AMâ€“6:30â€¯PM, î…, Wednesday, 9â€¯AMâ€“6:30â€¯PM, î…, Thursday, 9â€¯AMâ€“6:30â€¯PM, î…, Friday, 9â€¯AMâ€“6:30â€¯PM, î…, Saturday, 9â€¯AMâ€“3â€¯PM, î…, Sunday, Closed, î…, Monday, 9â€¯AMâ€“6:30â€¯PM, î…",https://www.nkd.com,,,"6HJQ+JW Boppard, Germany Copy plus code","Open, â‹… Closes 6:30â€¯PM","https://lh5.googleusercontent.com/p/AF1QipNQwpV7OJP_ErjH4ZMlFlB-oPu1MkBZ9ifYe4pj=w298-h298-k-no, https://streetviewpixels-pa.googleapis.com/v1/thumbnail?panoid=yBUYRWKwyBy-sMwKR0fkMg&cb_client=maps_sv.tactile.gps&w=224&h=298&yaw=112.880844&pitch=0&thumbfov=100",NKD4519,"https://lh5.googleusercontent.com/p/AF1QipNQwpV7OJP_ErjH4ZMlFlB-oPu1MkBZ9ifYe4pj=w298-h298-k-no, https://streetviewpixels-pa.googleapis.com/v1/thumbnail?panoid=yBUYRWKwyBy-sMwKR0fkMg&cb_client=maps_sv.tactile.gps&w=224&h=298&yaw=112.880844&pitch=0&thumbfov=100",4add55b1748e516c921ed0dbc19fa072,"[{'review_title': '', 'reviewer': '', 'review': 'Good shop and good service. I used it as Amazon pick up point and was good.', 'review_age': 'a year ago'}, {'review_title': '', 'reviewer': '', 'review': 'You can shop for clothes very well here, but parking is a bit problematic in Boppard.', 'review_age': '10 months ago'}, {'review_title': '', 'reviewer': '', 'review': 'Very central and easy to get to. As long as you go to visit it in Boppard.', 'review_age': '6 years ago'}]",[''],7.58982,50.23158,https://www.google.com/maps/place/NKD/data=!4m7!3m6!1s0x47be7051106da923:0x10835979f16322cb!8m2!3d50.23158!4d7.58982!16s%2Fg%2F1wh4d_54!19sChIJI6ltEFFwvkcRyyJj8XlZgxA?authuser=0&hl=en&rclk=1,2024-11-12T09:45:03Z
NKD,4.4,19,Clothing store,"îƒˆ Am Riedborn 28 a, 61250 Usingen, Germany","Am Riedborn 28 a, 61250 Usingen, Germany","Tuesday, 9â€¯AMâ€“7â€¯PM, î…, Wednesday, 9â€¯AMâ€“7â€¯PM, î…, Thursday, 9â€¯AMâ€“7â€¯PM, î…, Friday, 9â€¯AMâ€“7â€¯PM, î…, Saturday, 9â€¯AMâ€“5â€¯PM, î…, Sunday, Closed, î…, Monday, 9â€¯AMâ€“7â€¯PM, î…",https://www.nkd.com,,,"8GMH+8R Usingen, Germany Copy plus code","Open, â‹… Closes 7â€¯PM","https://lh5.googleusercontent.com/p/AF1QipNOtoG38wofJrICCQ9hScGyvVhtOs2ehBqA6ZXa=w447-h298-k-no, https://streetviewpixels-pa.googleapis.com/v1/thumbnail?panoid=9vz6vfPV_KKJxIGu3BQXfw&cb_client=maps_sv.tactile.gps&w=224&h=298&yaw=162.16289&pitch=0&thumbfov=100",NKD4419,"https://lh5.googleusercontent.com/p/AF1QipNOtoG38wofJrICCQ9hScGyvVhtOs2ehBqA6ZXa=w447-h298-k-no, https://streetviewpixels-pa.googleapis.com/v1/thumbnail?panoid=9vz6vfPV_KKJxIGu3BQXfw&cb_client=maps_sv.tactile.gps&w=224&h=298&yaw=162.16289&pitch=0&thumbfov=100",e853f51b14ef309d66447e07beeaa851,"[{'review_title': '', 'reviewer': '', 'review': 'Large selection of everything. The quality is of course appropriate for the price. The employees are very friendly and exchanges were easy.', 'review_age': 'a year ago'}, {'review_title': '', 'reviewer': '', 'review': 'Unfortunately, no advice was given here. Some of the goods stands were pushed into each other so that it was difficult to get to the goods.  You have to be clear when you shop there that the quality corresponds to the price. Prices in the â€¦ More', 'review_age': '2 years ago'}, {'review_title': '', 'reviewer': '', 'review': ""I bought a wardrobe there. When I unpacked it I found it was damaged. When I exchanged it I looked for another one and it was just as damaged. It's a shame, but no problem getting my money back"", 'review_age': '3 years ago'}]",[''],8.5296163,50.3332521,https://www.google.com/maps/place/NKD/data=!4m7!3m6!1s0x47bdabcc8c547571:0x3831cd59f2e5ec4!8m2!3d50.3332521!4d8.5296163!16s%2Fg%2F11f8jkfnqg!19sChIJcXVUjMyrvUcRxF4un9UcgwM?authuser=0&hl=en&rclk=1,2024-11-12T09:45:09Z
NKD,4.6,12,Clothing store,"îƒˆ Liesenfelder Str. 79, 56281 Emmelshausen, Germany","Liesenfelder Str. 79, 56281 Emmelshausen, Germany","Tuesday, 9â€¯AMâ€“6:30â€¯PM, î…, Wednesday, 9â€¯AMâ€“6:30â€¯PM, î…, Thursday, 9â€¯AMâ€“6:30â€¯PM, î…, Friday, 9â€¯AMâ€“6:30â€¯PM, î…, Saturday, 9â€¯AMâ€“5â€¯PM, î…, Sunday, Closed, î…, Monday, 9â€¯AMâ€“6:30â€¯PM, î…",https://www.nkd.com,,,"5G4W+XQ Emmelshausen, Germany Copy plus code","Open, â‹… Closes 6:30â€¯PM","https://lh5.googleusercontent.com/p/AF1QipO6UZ71HuvwXnNRh_iLmNrll0upTXopnOSGuucO=w529-h298-k-no, https://lh5.googleusercontent.com/p/AF1QipO6UZ71HuvwXnNRh_iLmNrll0upTXopnOSGuucO=w529-h298-k-no, https://streetviewpixels-pa.googleapis.com/v1/thumbnail?panoid=pXUpznW6de9BZLp0N1g4Sw&cb_client=maps_sv.tactile.gps&w=224&h=298&yaw=100.17589&pitch=0&thumbfov=100",NKD4612,"https://lh5.googleusercontent.com/p/AF1QipO6UZ71HuvwXnNRh_iLmNrll0upTXopnOSGuucO=w529-h298-k-no, https://lh5.googleusercontent.com/p/AF1QipO6UZ71HuvwXnNRh_iLmNrll0upTXopnOSGuucO=w529-h298-k-no, https://streetviewpixels-pa.googleapis.com/v1/thumbnail?panoid=pXUpznW6de9BZLp0N1g4Sw&cb_client=maps_sv.tactile.gps&w=224&h=298&yaw=100.17589&pitch=0&thumbfov=100",09714feb1cf85bfd8f18c77ed71b5fd5,"[{'review_title': '', 'reviewer': '', 'review': 'Super', 'review_age': '5 years ago'}, {'review_title': '', 'reviewer': '', 'review': 'Nice staff, varied selection.', 'review_age': 'a year ago'}, {'review_title': '', 'reviewer': '', 'review': 'Very nice staff, always friendly, helpful and accommodatingğŸ¥° â€¦', 'review_age': 'a year ago'}]",[''],7.5469931,50.1573758,https://www.google.com/maps/place/NKD/data=!4m7!3m6!1s0x47be7268d0a3cf3b:0x6515f69b1ada8ed7!8m2!3d50.1573758!4d7.5469931!16s%2Fg%2F1tfmgymb!19sChIJO8-j0GhyvkcR147aGpv2FWU?authuser=0&hl=en&rclk=1,2024-11-12T09:45:18Z
NKD,4.1,17,Clothing store,"îƒˆ Untergasse 6, 55590 Meisenheim, Germany","Untergasse 6, 55590 Meisenheim, Germany","Tuesday, 9â€¯AMâ€“6â€¯PM, î…, Wednesday, 9â€¯AMâ€“6â€¯PM, î…, Thursday, 9â€¯AMâ€“6â€¯PM, î…, Friday, 9â€¯AMâ€“6â€¯PM, î…, Saturday, 9â€¯AMâ€“2â€¯PM, î…, Sunday, Closed, î…, Monday, 9â€¯AMâ€“6â€¯PM, î…",https://www.nkd.com,,,"PM4F+62 Meisenheim, Germany Copy plus code","Open, â‹… Closes 6â€¯PM","https://lh5.googleusercontent.com/p/AF1QipO11-3qaVlomihqd6vCIDbmyYcqOtO_XTD_dEjb=w224-h298-k-no, https://streetviewpixels-pa.googleapis.com/v1/thumbnail?panoid=wvhgDSi7S2YvG4Ycs_UQuQ&cb_client=maps_sv.tactile.gps&w=224&h=298&yaw=103.35339&pitch=0&thumbfov=100",NKD4117,"https://lh5.googleusercontent.com/p/AF1QipO11-3qaVlomihqd6vCIDbmyYcqOtO_XTD_dEjb=w224-h298-k-no, https://streetviewpixels-pa.googleapis.com/v1/thumbnail?panoid=wvhgDSi7S2YvG4Ycs_UQuQ&cb_client=maps_sv.tactile.gps&w=224&h=298&yaw=103.35339&pitch=0&thumbfov=100",18a03c1fbab45f86c5a81eb9c02deb2c,"[{'review_title': '', 'reviewer': '', 'review': 'Very satisfied, great quality of the clothes!', 'review_age': '4 months ago'}, {'review_title': '', 'reviewer': '', 'review': 'Staff friendly. There is no longer anything on offer for people with sizes from 4 xl.', 'review_age': '2 years ago'}, {'review_title': '', 'reviewer': '', 'review': 'clothing\ndecoration\nBedding â€¦ More', 'review_age': '2 years ago'}]",[''],7.67252,49.70551,https://www.google.com/maps/place/NKD/data=!4m7!3m6!1s0x47960118543d4b37:0x1f3a688228443f2!8m2!3d49.70551!4d7.67252!16s%2Fg%2F1vqtfqyz!19sChIJN0s9VBgBlkcR8kOEIoim8wE?authuser=0&hl=en&rclk=1,2024-11-12T09:45:22Z
NKD Deutschland,3.9,103,Clothing store,"îƒˆ Rheinkai 1, 55411 Bingen am Rhein, Germany",Located in: Starkenburger Hof Rheinhotel,"Tuesday, 9:30â€¯AMâ€“6:30â€¯PM, î…, Wednesday, 9:30â€¯AMâ€“6:30â€¯PM, î…, Thursday, 9:30â€¯AMâ€“6:30â€¯PM, î…, Friday, 9:30â€¯AMâ€“6:30â€¯PM, î…, Saturday, 9:30â€¯AMâ€“5â€¯PM, î…, Sunday, Closed, î…, Monday, 9:30â€¯AMâ€“6:30â€¯PM, î…",https://www.nkd.com,,,"XV9W+M4 Bingen, Germany Copy plus code","Open, â‹… Closes 6:30â€¯PM","https://lh5.googleusercontent.com/p/AF1QipOzPKX-UtZZJsxOnxkagev-gZlsoCjFlNaCd94W=w529-h298-k-no, https://streetviewpixels-pa.googleapis.com/v1/thumbnail?panoid=4T3BZSd-IRaU0kGBtj4Ztg&cb_client=maps_sv.tactile.gps&w=224&h=298&yaw=97.91349&pitch=0&thumbfov=100",NKDDeutschland39103,"https://lh5.googleusercontent.com/p/AF1QipOzPKX-UtZZJsxOnxkagev-gZlsoCjFlNaCd94W=w529-h298-k-no, https://streetviewpixels-pa.googleapis.com/v1/thumbnail?panoid=4T3BZSd-IRaU0kGBtj4Ztg&cb_client=maps_sv.tactile.gps&w=224&h=298&yaw=97.91349&pitch=0&thumbfov=100",a3ffad6433afaa3e7d88cbb9f238d547,"[{'review_title': '', 'reviewer': '', 'review': 'Mega', 'review_age': '3 years ago'}, {'review_title': '', 'reviewer': '', 'review': 'Overall, I cannot recommend NKD and its packing stations. The poor quality of the products, the poor customer support and the unreliability of the Packstation make it an extremely frustrating experience that I would not wish on any other â€¦ More', 'review_age': '7 months ago'}, {'review_title': '', 'reviewer': '', 'review': ""I'm happy and always find something and the prices are okay too"", 'review_age': '7 months ago'}]",[''],7.8953137,49.9692006,https://www.google.com/maps/place/NKD+Deutschland/data=!4m7!3m6!1s0x47bdef63a303a7a1:0x28b76c87ae67c12c!8m2!3d49.9692006!4d7.8953137!16s%2Fg%2F1vpfhnzy!19sChIJoacDo2PvvUcRLMFnrodstyg?authuser=0&hl=en&rclk=1,2024-11-12T09:45:24Z
NKD,3.2,61,Clothing store,"îƒˆ Marie-Curie-StraÃŸe 5, 63538 GroÃŸkrotzenburg, Germany","Marie-Curie-StraÃŸe 5, 63538 GroÃŸkrotzenburg, Germany","Tuesday, 9â€¯AMâ€“7â€¯PM, î…, Wednesday, 9â€¯AMâ€“7â€¯PM, î…, Thursday, 9â€¯AMâ€“7â€¯PM, î…, Friday, 9â€¯AMâ€“7â€¯PM, î…, Saturday, 9â€¯AMâ€“6â€¯PM, î…, Sunday, Closed, î…, Monday, 9â€¯AMâ€“7â€¯PM, î…",https://www.nkd.com,,,"3XGW+MR GroÃŸkrotzenburg, Germany Copy plus code","Open, â‹… Closes 7â€¯PM",,NKD3261,,c229e4164ec1ec8ce5691504df511565,"[{'review_title': '', 'reviewer': '', 'review': 'I sent my partner there to pick up a package for me.\nI signed the power of attorney and sent it to her by email. She had her own ID with her. These are the requirements for picking up a parcel from DPD there. â€¦ More', 'review_age': '7 months ago'}, {'review_title': '', 'reviewer': '', 'review': ""So I can't understand the bad reviews here. I am very satisfied with the service from DPD. I have my packages delivered there because it is easier for me to pick them up there. The saleswomen are very nice and accommodating to me. People â€¦ More"", 'review_age': 'a year ago'}, {'review_title': '', 'reviewer': '', 'review': ""Staff are almost always unfriendly, arrogant and snippy. You get the feeling that every question is too much and you don't feel like working. Order that came via DPD was refused acceptance and so it was sent back. 2 stars only because the product is actually not bad"", 'review_age': '7 months ago'}]",[''],8.9970799,50.0766263,https://www.google.com/maps/place/NKD/data=!4m7!3m6!1s0x47bd3e0c0b54c19d:0xb8285d1685077258!8m2!3d50.0766263!4d8.9970799!16s%2Fg%2F1vyk1mh1!19sChIJncFUCww-vUcRWHIHhRZdKLg?authuser=0&hl=en&rclk=1,2024-11-12T09:45:40Z
NKD,3.8,43,Clothing Shop,"îƒˆ Marktpl. 6, 56288 Kastellaun, Germany","Marktpl. 6, 56288 Kastellaun, Germany","Tuesday, 9â€¯amâ€“6â€¯pm, î…, Wednesday, 9â€¯amâ€“6â€¯pm, î…, Thursday, 9â€¯amâ€“6â€¯pm, î…, Friday, 9â€¯amâ€“6â€¯pm, î…, Saturday, 9â€¯amâ€“3â€¯pm, î…, Sunday, Closed, î…, Monday, 9â€¯amâ€“6â€¯pm, î…",https://www.nkd.com,,,,"Open, â‹… Closes 6â€¯pm","https://lh5.googleusercontent.com/p/AF1QipOmwikvyFrWbPoeW-o3TO2mdd1r_kd26nPvNcl8=w613-h298-k-no, https://streetviewpixels-pa.googleapis.com/v1/thumbnail?panoid=FmUbC3Hd8djFb9AJGwG8mw&cb_client=maps_sv.tactile.gps&w=224&h=298&yaw=286.08932&pitch=0&thumbfov=100",NKD3843,"https://lh5.googleusercontent.com/p/AF1QipOmwikvyFrWbPoeW-o3TO2mdd1r_kd26nPvNcl8=w613-h298-k-no, https://streetviewpixels-pa.googleapis.com/v1/thumbnail?panoid=FmUbC3Hd8djFb9AJGwG8mw&cb_client=maps_sv.tactile.gps&w=224&h=298&yaw=286.08932&pitch=0&thumbfov=100",3e82abb60f4db73d98bb34a69aa5b068,"[{'review_title': '', 'reviewer': '', 'review': 'ğŸ‘alles super â€¦', 'review_age': '5 years ago'}, {'review_title': '', 'reviewer': '', 'review': 'NKD branch located directly on the market square. From the outside, the size of the sales area can be underestimated.  Very tidy sales area, bright lighting, clear structure, very friendly staff and, above all, numerous comfortable changing rooms.  NKD is really fun here.', 'review_age': '7 years ago'}, {'review_title': '', 'reviewer': '', 'review': 'T-shirts for euros, super. Good quality. There are very good kitchen products, there are discounts and offers. Good store!', 'review_age': 'a year ago'}]",[''],7.4412256,50.0710796,https://www.google.com/maps/place/NKD/data=!4m7!3m6!1s0x47be1307ad08b3d5:0xc7f6c1236f924a76!8m2!3d50.0710796!4d7.4412256!16s%2Fg%2F1th7xgpd!19sChIJ1bMIrQcTvkcRdkqSbyPB9sc?authuser=0&hl=en&rclk=1,2024-11-12T09:45:41Z
NKD,4.0,50,Clothing store,"îƒˆ BleichstraÃŸe 4, 64711 Erbach, Germany","BleichstraÃŸe 4, 64711 Erbach, Germany","Tuesday, 9â€¯AMâ€“6:30â€¯PM, î…, Wednesday, 9â€¯AMâ€“6:30â€¯PM, î…, Thursday, 9â€¯AMâ€“6:30â€¯PM, î…, Friday, 9â€¯AMâ€“6:30â€¯PM, î…, Saturday, 9â€¯AMâ€“3â€¯PM, î…, Sunday, Closed, î…, Monday, 9â€¯AMâ€“6:30â€¯PM, î…",https://www.nkd.com,,,"MX5R+HV Erbach im Odenwald, Germany Copy plus code","Open, â‹… Closes 6:30â€¯PM","https://lh5.googleusercontent.com/p/AF1QipOdRBetgcwzCP352T24_auzKgVoetROj_owcvKB=w529-h298-k-no, https://streetviewpixels-pa.googleapis.com/v1/thumbnail?panoid=JrGS7vL889r5HYup_NS7HA&cb_client=maps_sv.tactile.gps&w=224&h=298&yaw=249.38243&pitch=0&thumbfov=100",NKD4050,"https://lh5.googleusercontent.com/p/AF1QipOdRBetgcwzCP352T24_auzKgVoetROj_owcvKB=w529-h298-k-no, https://streetviewpixels-pa.googleapis.com/v1/thumbnail?panoid=JrGS7vL889r5HYup_NS7HA&cb_client=maps_sv.tactile.gps&w=224&h=298&yaw=249.38243&pitch=0&thumbfov=100",b2ce6cb1cd7e07243c11144ca9b2e272,"[{'review_title': '', 'reviewer': '', 'review': 'This branch is neat and tidy. The staff is very friendly. The selection of items is extensive. The prices are moderate. A purchase is worth it.', 'review_age': '3 months ago'}, {'review_title': '', 'reviewer': '', 'review': 'DPD package could not be sent because the reader does not work to digitally scan the shipping note on the cell phone. I was recommended to go to the photo shop next door to have it printed for money?! â€¦ More', 'review_age': 'a year ago'}, {'review_title': '', 'reviewer': '', 'review': 'It works, nothing new, but not bad', 'review_age': '6 months ago'}]",[''],8.99215,49.6589299,https://www.google.com/maps/place/NKD/data=!4m7!3m6!1s0x4797e264ca136861:0x64c884ae55eefeb7!8m2!3d49.6589299!4d8.99215!16s%2Fg%2F1tlbn2xj!19sChIJYWgTymTil0cRt_7uVa6EyGQ?authuser=0&hl=en&rclk=1,2024-11-12T09:45:46Z
NKD,3.7,74,Clothing store,"îƒˆ SpieÃŸgasse 26, 55232 Alzey","SpieÃŸgasse 26, 55232 Alzey","Tuesday, 9â€¯amâ€“6â€¯pm, î…, Wednesday, 9â€¯amâ€“6â€¯pm, î…, Thursday, 9â€¯amâ€“6â€¯pm, î…, Friday, 9â€¯amâ€“6â€¯pm, î…, Saturday, 9â€¯amâ€“3â€¯pm, î…, Sunday, Closed, î…, Monday, 9â€¯amâ€“6â€¯pm, î…",https://www.nkd.com,,,P4W6+4G Alzey Copy plus code,"Open, â‹… Closes 6â€¯pm","https://lh5.googleusercontent.com/p/AF1QipPCxNx6ln343_qxbjCz0Pf0fgcOeRxS3qBUym3k=w397-h298-k-no, https://lh5.googleusercontent.com/p/AF1QipPsOmpGNroDvX8SD4zq3K-BMMJ-RN7c_t3hIjdg=w529-h298-k-no, https://lh5.googleusercontent.com/p/AF1QipON3DE5JZRTlsXj0zroeM-tleO4kjtRgw6NHhgd=w392-h298-k-no",NKD3774,"https://lh5.googleusercontent.com/p/AF1QipPCxNx6ln343_qxbjCz0Pf0fgcOeRxS3qBUym3k=w397-h298-k-no, https://lh5.googleusercontent.com/p/AF1QipPsOmpGNroDvX8SD4zq3K-BMMJ-RN7c_t3hIjdg=w529-h298-k-no, https://lh5.googleusercontent.com/p/AF1QipON3DE5JZRTlsXj0zroeM-tleO4kjtRgw6NHhgd=w392-h298-k-no",b5529e6a64f3be62e47c7b758094bc69,"[{'review_title': '', 'reviewer': '', 'review': 'I like the service and i buy pullover here', 'review_age': '6 years ago'}, {'review_title': '', 'reviewer': '', 'review': 'Very nice ğŸ‘ â€¦', 'review_age': '5 years ago'}, {'review_title': '', 'reviewer': '', 'review': 'I was there today to send my package.\nFirst I had to stand in line for 10 minutes because the lady at the checkout collected a cent from each customer. For a moment I thought I was at a bank. â€¦ More', 'review_age': 'a year ago'}]",[''],8.1112869,49.745306,https://www.google.com/maps/place/NKD/data=!4m7!3m6!1s0x47bd8a6d5f2c4d77:0xde78b964aa432230!8m2!3d49.745306!4d8.1112869!16s%2Fg%2F1w0hzq_s!19sChIJd00sX22KvUcRMCJDqmS5eN4?authuser=0&hl=en&rclk=1,2024-11-12T09:45:48Z
NKD,3.9,32,Clothing store,"îƒˆ Steinheimer Str. 68, 63500 Seligenstadt, Germany","Steinheimer Str. 68, 63500 Seligenstadt, Germany","Tuesday, 9â€¯AMâ€“6:30â€¯PM, î…, Wednesday, 9â€¯AMâ€“6:30â€¯PM, î…, Thursday, 9â€¯AMâ€“6:30â€¯PM, î…, Friday, 9â€¯AMâ€“6:30â€¯PM, î…, Saturday, 9â€¯AMâ€“6â€¯PM, î…, Sunday, Closed, î…, Monday, 9â€¯AMâ€“6:30â€¯PM, î…",https://www.nkd.com,,,"3X2F+8M Seligenstadt, Germany Copy plus code","Open, â‹… Closes 6:30â€¯PM","https://lh5.googleusercontent.com/p/AF1QipNT3oz-0zpNJN4DY4weDXbxeDUDZPkKmYg7vCeU=w373-h298-k-no, https://streetviewpixels-pa.googleapis.com/v1/thumbnail?panoid=PNEVLx0DIF32TTqJdzOGoQ&cb_client=maps_sv.tactile.gps&w=224&h=298&yaw=310.71814&pitch=0&thumbfov=100",NKD3932,"https://lh5.googleusercontent.com/p/AF1QipNT3oz-0zpNJN4DY4weDXbxeDUDZPkKmYg7vCeU=w373-h298-k-no, https://streetviewpixels-pa.googleapis.com/v1/thumbnail?panoid=PNEVLx0DIF32TTqJdzOGoQ&cb_client=maps_sv.tactile.gps&w=224&h=298&yaw=310.71814&pitch=0&thumbfov=100",34ab2baad6c42d55c5d4da175b64aa1c,"[{'review_title': '', 'reviewer': '', 'review': 'Great product (fluffy sports pants in different colors) at a great price that fit perfectly, exactly according to the size tag.\nThe service is always very friendly and, above all, patiently attentive. Thank you!', 'review_age': '7 months ago'}, {'review_title': '', 'reviewer': '', 'review': 'A very unfriendly boss at Deichmann. When I entered, I was turned away from the store because I had shopped next door at NKD and the security tags had obviously not been removed there. I should please go back or, as the very friendly lady â€¦ More', 'review_age': '11 months ago'}, {'review_title': '', 'reviewer': '', 'review': ""I was here yesterday and received very good advice from the young, friendly saleswoman. I ended up buying a very pretty dress that I'm now very happy about. I'll be back soon. ğŸ˜ŠğŸ‘ğŸ™‹\u200dâ™€ï¸ â€¦"", 'review_age': 'a year ago'}]",[''],8.9741842,50.0508316,https://www.google.com/maps/place/NKD/data=!4m7!3m6!1s0x47bd3e2f32a481a7:0xa46bd9df8c2eda02!8m2!3d50.0508316!4d8.9741842!16s%2Fg%2F12vt0f76j!19sChIJp4GkMi8-vUcRAtoujN_Za6Q?authuser=0&hl=en&rclk=1,2024-11-12T09:45:59Z
NKD,4.1,29,Clothing store,"îƒˆ HauptstraÃŸe 45, 67269 GrÃ¼nstadt, Germany","HauptstraÃŸe 45, 67269 GrÃ¼nstadt, Germany","Tuesday, 9â€¯AMâ€“6â€¯PM, î…, Wednesday, 9â€¯AMâ€“6â€¯PM, î…, Thursday, 9â€¯AMâ€“6â€¯PM, î…, Friday, 9â€¯AMâ€“6â€¯PM, î…, Saturday, 9â€¯AMâ€“3â€¯PM, î…, Sunday, Closed, î…, Monday, 9â€¯AMâ€“6â€¯PM, î…",https://www.nkd.com,,,"H577+JF GrÃ¼nstadt, Germany Copy plus code","Open, â‹… Closes 6â€¯PM",,NKD4129,,0c568c24b99b8fee5272dcd205c6b755,"[{'review_title': '', 'reviewer': '', 'review': ""As far as clothes go, there hasn't been any business for me in a long time. But because of the knick-knacks section, I check back every now and then."", 'review_age': '9 months ago'}, {'review_title': '', 'reviewer': '', 'review': ""The staff in the store were very friendly and showed me the products I was looking for and recommended them accordingly. I didn't expect it like that."", 'review_age': '2 years ago'}, {'review_title': '', 'reviewer': '', 'review': 'Price performance top!\nThe lady who advised me was very committed and organized. Friendly at the same time. Anywhere else I would have been quickly dismissed because of my little unusual thing.', 'review_age': '4 years ago'}]",[''],8.1637474,49.5640246,https://www.google.com/maps/place/NKD/data=!4m7!3m6!1s0x47963ab5812ee4ef:0xb658bacd079e7caf!8m2!3d49.5640246!4d8.1637474!16s%2Fg%2F1tg5ykwq!19sChIJ7-QugbU6lkcRr3yeB826WLY?authuser=0&hl=en&rclk=1,2024-11-12T09:46:10Z
NKD,3.8,62,Clothing store,"îƒˆ Zum Eckhardsgraben 8, 63584 GrÃ¼ndau, Germany","Zum Eckhardsgraben 8, 63584 GrÃ¼ndau, Germany","Tuesday, 9:30â€¯AMâ€“7â€¯PM, î…, Wednesday, 9:30â€¯AMâ€“7â€¯PM, î…, Thursday, 9:30â€¯AMâ€“7â€¯PM, î…, Friday, 9:30â€¯AMâ€“7â€¯PM, î…, Saturday, 9:30â€¯AMâ€“6â€¯PM, î…, Sunday, Closed, î…, Monday, 9:30â€¯AMâ€“7â€¯PM, î…",https://www.nkd.com,,,"643M+H3 GrÃ¼ndau, Germany Copy plus code","Open, â‹… Closes 7â€¯PM","https://lh5.googleusercontent.com/p/AF1QipNutqFy8Idzwmd8t8Qqw7-uHn5KU3Pq3g3Aw9a8=w397-h298-k-no, https://lh5.googleusercontent.com/p/AF1QipPXIX58E9wZ-HQvzCxJ-9UM-kmGq6SpchE5LCLW=w397-h298-k-no",NKD3862,"https://lh5.googleusercontent.com/p/AF1QipNutqFy8Idzwmd8t8Qqw7-uHn5KU3Pq3g3Aw9a8=w397-h298-k-no, https://lh5.googleusercontent.com/p/AF1QipPXIX58E9wZ-HQvzCxJ-9UM-kmGq6SpchE5LCLW=w397-h298-k-no",17c2401687f51d3fe9653e6f042dd926,"[{'review_title': '', 'reviewer': '', 'review': 'Very low-quality clothes add very cheap prices', 'review_age': '3 years ago'}, {'review_title': '', 'reviewer': '', 'review': ""So this was the worst retail experience in a long time. Most unfriendly and incompetent employee (said she was the branch manager) I've seen in a long time. Wanted to exchange my things and work hand in hand since I'm in retail myself. She â€¦ More"", 'review_age': '5 months ago'}, {'review_title': '', 'reviewer': '', 'review': 'My mother-in-law was in this store today around 3:30 p.m. with my son (13) and daughter (6) and wanted to buy clothes for the little one. She tried on a few (the store was otherwise empty) and no one came and asked if they needed help can & â€¦ More', 'review_age': '3 months ago'}]",[''],9.1327239,50.2039266,https://www.google.com/maps/place/NKD/data=!4m7!3m6!1s0x47bd247a4daaf199:0x690a5064dd6bc5b7!8m2!3d50.2039266!4d9.1327239!16s%2Fg%2F1wcxc63b!19sChIJmfGqTXokvUcRt8Vr3WRQCmk?authuser=0&hl=en&rclk=1,2024-11-12T09:46:23Z
NKD,4.3,34,Clothing store,"îƒˆ LÃ¶herpl. 3, 65510 Idstein, Germany","LÃ¶herpl. 3, 65510 Idstein, Germany","Tuesday, 9â€¯AMâ€“6:30â€¯PM, î…, Wednesday, 9â€¯AMâ€“6:30â€¯PM, î…, Thursday, 9â€¯AMâ€“6:30â€¯PM, î…, Friday, 9â€¯AMâ€“6:30â€¯PM, î…, Saturday, 9â€¯AMâ€“3â€¯PM, î…, Sunday, Closed, î…, Monday, 9â€¯AMâ€“6:30â€¯PM, î…",https://www.nkd.com,,,"67C9+6C Idstein, Germany Copy plus code","Open, â‹… Closes 6:30â€¯PM","https://lh5.googleusercontent.com/p/AF1QipN_AXr2aihQEJNxUN0mtscCu9H4X0oebOxs2JDK=w528-h298-k-no, https://lh5.googleusercontent.com/p/AF1QipPybp8cyzt9nkbOihsfWAJvsJats0wRkf_b8Aq8=w528-h298-k-no",NKD4334,"https://lh5.googleusercontent.com/p/AF1QipN_AXr2aihQEJNxUN0mtscCu9H4X0oebOxs2JDK=w528-h298-k-no, https://lh5.googleusercontent.com/p/AF1QipPybp8cyzt9nkbOihsfWAJvsJats0wRkf_b8Aq8=w528-h298-k-no",e2fdfac60ac52c39dc421fe2c13b3bb6,"[{'review_title': '', 'reviewer': '', 'review': 'Super nice saleswoman! I was served very friendly!! A neat shop. Clothes & bits and bobs for little money ;).', 'review_age': '10 months ago'}, {'review_title': '', 'reviewer': '', 'review': ""I often find something that is currently beautiful for fall decorations. The salespeople are always super friendly and take the time to talk to customers. They stay calm even with difficult people; I couldn't do that in the long run. Respect for that! :)"", 'review_age': '2 years ago'}, {'review_title': '', 'reviewer': '', 'review': 'I always enjoy shopping there again and again.  The saleswomen are always friendly and helpful!  The store is always clean and the prices are right. I recommend the clothing store in Idstein.', 'review_age': 'a year ago'}]",[''],8.2685859,50.2206006,https://www.google.com/maps/place/NKD/data=!4m7!3m6!1s0x47bdb75638332681:0x6c6017dda221936c!8m2!3d50.2206006!4d8.2685859!16s%2Fg%2F1tht0l4d!19sChIJgSYzOFa3vUcRbJMhot0XYGw?authuser=0&hl=en&rclk=1,2024-11-12T09:46:27Z
NKD,4.1,89,Clothing store,"îƒˆ RathausstraÃŸe 20, 65604 Elz, Germany","RathausstraÃŸe 20, 65604 Elz, Germany","Tuesday, 9â€¯amâ€“6:30â€¯pm, î…, Wednesday, 9â€¯amâ€“6:30â€¯pm, î…, Thursday, 9â€¯amâ€“6:30â€¯pm, î…, Friday, 9â€¯amâ€“6:30â€¯pm, î…, Saturday, 9:30â€¯amâ€“3â€¯pm, î…, Sunday, Closed, î…, Monday, 9â€¯amâ€“6:30â€¯pm, î…",https://www.nkd.com,,,"C26P+HH Elz, Germany Copy plus code","Open, â‹… Closes 6:30â€¯pm","https://lh5.googleusercontent.com/p/AF1QipPKzigfrb_D4yCd5XSsdF2mkHnBI95e9qt9nYRP=w529-h298-k-no, https://streetviewpixels-pa.googleapis.com/v1/thumbnail?panoid=yv9tPcmr9X2yIHfIT539iw&cb_client=maps_sv.tactile.gps&w=224&h=298&yaw=34.899757&pitch=0&thumbfov=100",NKD4189,"https://lh5.googleusercontent.com/p/AF1QipPKzigfrb_D4yCd5XSsdF2mkHnBI95e9qt9nYRP=w529-h298-k-no, https://streetviewpixels-pa.googleapis.com/v1/thumbnail?panoid=yv9tPcmr9X2yIHfIT539iw&cb_client=maps_sv.tactile.gps&w=224&h=298&yaw=34.899757&pitch=0&thumbfov=100",ee67a1a4ed278f5acabe82017faccd20,"[{'review_title': '', 'reviewer': '', 'review': 'Large selection of goods. The inside is spacious, light and clean. Nice staff.\nIt is a little difficult to find this store in the city, it is in some streets in residential areas. There is no special parking space nearby; you need to look â€¦ More', 'review_age': '2 years ago'}, {'review_title': '', 'reviewer': '', 'review': ""Very friendly staff, well tidy, one star deducted because the bill is never correct. Strangely, always to my detriment. This has been the case every time so far. Complained, then an apology was made and corrected immediately...it's just a shame that the bill had an error and I didn't go there again."", 'review_age': '2 years ago'}, {'review_title': '', 'reviewer': '', 'review': ""I'm divided in two - I've already found great bargains but often drove there from the neighboring town in vain because of a brochure offer that was sold out 60 minutes after the store opened because there was only 1 of each size available. â€¦ More"", 'review_age': '4 years ago'}]",[''],8.0364635,50.4114042,https://www.google.com/maps/place/NKD/data=!4m7!3m6!1s0x47bc32b0b2db42c9:0xb9e27ed51aac8a4d!8m2!3d50.4114042!4d8.0364635!16s%2Fg%2F1tdbdjt9!19sChIJyULbsrAyvEcRTYqsGtV-4rk?authuser=0&hl=en&rclk=1,2024-11-12T09:46:28Z
NKD,4.1,34,Clothing store,"îƒˆ Erfurter Str. 4-6, 56626 Andernach, Germany","Erfurter Str. 4-6, 56626 Andernach, Germany","Tuesday, 9â€¯AMâ€“7â€¯PM, î…, Wednesday, 9â€¯AMâ€“7â€¯PM, î…, Thursday, 9â€¯AMâ€“7â€¯PM, î…, Friday, 9â€¯AMâ€“7â€¯PM, î…, Saturday, 9â€¯AMâ€“6:30â€¯PM, î…, Sunday, Closed, î…, Monday, 9â€¯AMâ€“7â€¯PM, î…",https://www.nkd.com,,,"CCF2+6J Andernach, Germany Copy plus code","Open, â‹… Closes 7â€¯PM",,NKD4134,,fd6da8f297dd49f87fb79863733b4d06,"[{'review_title': '', 'reviewer': '', 'review': 'Good goods, prices ok. The staff is always very friendly.', 'review_age': '4 months ago'}, {'review_title': '', 'reviewer': '', 'review': 'A small NKD store inside the HIT shopping center.\nHere you can get everything from clothing, a small selection of household items and much more. â€¦ More', 'review_age': '5 years ago'}, {'review_title': '', 'reviewer': '', 'review': 'Great clothing items for children. Unfortunately no small sizes 32 (rarely 34 is too big for me) for women, a shame.', 'review_age': '5 years ago'}]",[''],7.40151,50.423108,https://www.google.com/maps/place/NKD/data=!4m7!3m6!1s0x47be6072b3efdefb:0x15e28e30b04530bc!8m2!3d50.423108!4d7.40151!16s%2Fg%2F1tdw2lnz!19sChIJ-97vs3JgvkcRvDBFsDCO4hU?authuser=0&hl=en&rclk=1,2024-11-12T09:46:29Z
NKD,4.0,70,Clothing store,"îƒˆ MÃ¼hlenbachstraÃŸe 21-23, 53489 Sinzig, Germany","MÃ¼hlenbachstraÃŸe 21-23, 53489 Sinzig, Germany","Tuesday, 9â€¯AMâ€“6:30â€¯PM, î…, Wednesday, 9â€¯AMâ€“6:30â€¯PM, î…, Thursday, 9â€¯AMâ€“6:30â€¯PM, î…, Friday, 9â€¯AMâ€“6:30â€¯PM, î…, Saturday, 9â€¯AMâ€“2â€¯PM, î…, Sunday, Closed, î…, Monday, 9â€¯AMâ€“6:30â€¯PM, î…",https://www.nkd.com,,,"G6VX+W2 Sinzig, Germany Copy plus code","Open, â‹… Closes 6:30â€¯PM","https://lh5.googleusercontent.com/p/AF1QipMjgjHNyP-N9rVag5FuLTY-ti-r_uXocoCdIy1C=w224-h298-k-no, https://streetviewpixels-pa.googleapis.com/v1/thumbnail?panoid=sJhYORjxYoUHlCPgyVFl2A&cb_client=maps_sv.tactile.gps&w=224&h=298&yaw=223.88736&pitch=0&thumbfov=100",NKD4070,"https://lh5.googleusercontent.com/p/AF1QipMjgjHNyP-N9rVag5FuLTY-ti-r_uXocoCdIy1C=w224-h298-k-no, https://streetviewpixels-pa.googleapis.com/v1/thumbnail?panoid=sJhYORjxYoUHlCPgyVFl2A&cb_client=maps_sv.tactile.gps&w=224&h=298&yaw=223.88736&pitch=0&thumbfov=100",5ebfcb08b8195fe3e75d22043606bc81,"[{'review_title': '', 'reviewer': '', 'review': ""Thanks to Ms. Bauer, who gave me friendly advice even though she had her hands full. I bought health socks there today and other little things.\nThe store is well stocked and I can only recommend the store. I'd love to come back."", 'review_age': 'a month ago'}, {'review_title': '', 'reviewer': '', 'review': ""It's only a discount store, but there's a huge selection of beautiful, inexpensive baby and children's clothing. Very often discount promotions. Unfortunately, the staff is mostly understaffed, but the ladies present are very nice and helpful."", 'review_age': 'a year ago'}, {'review_title': '', 'reviewer': '', 'review': 'Better go to Bad Neuenahr. There is more choice and the boss in Sinzig is something strangely special.', 'review_age': '9 months ago'}]",[''],7.2475451,50.5447772,https://www.google.com/maps/place/NKD/data=!4m7!3m6!1s0x47bef0ce5510cec7:0x85e99c083e0d543f!8m2!3d50.5447772!4d7.2475451!16s%2Fg%2F1tgb6g_4!19sChIJx84QVc7wvkcRP1QNPgic6YU?authuser=0&hl=en&rclk=1,2024-11-12T09:46:37Z
NKD,3.9,12,Clothing store,"îƒˆ RingstraÃŸe 33-39, 63505 Langenselbold, Germany","RingstraÃŸe 33-39, 63505 Langenselbold, Germany","Tuesday, 9â€¯AMâ€“7â€¯PM, î…, Wednesday, 9â€¯AMâ€“7â€¯PM, î…, Thursday, 9â€¯AMâ€“7â€¯PM, î…, Friday, 9â€¯AMâ€“7â€¯PM, î…, Saturday, 9â€¯AMâ€“6â€¯PM, î…, Sunday, Closed, î…, Monday, 9â€¯AMâ€“7â€¯PM, î…",https://www.nkd.com,,,"52MM+6Q Langenselbold, Germany Copy plus code","Open, â‹… Closes 7â€¯PM","https://lh5.googleusercontent.com/p/AF1QipN0NkRItQKvkOs57pVLN5FOhPcekYLfT2Klg-g6=w269-h298-k-no, https://streetviewpixels-pa.googleapis.com/v1/thumbnail?panoid=Q3d9HcJfniAtwLDObGqmeA&cb_client=maps_sv.tactile.gps&w=224&h=298&yaw=57.459652&pitch=0&thumbfov=100",NKD3912,"https://lh5.googleusercontent.com/p/AF1QipN0NkRItQKvkOs57pVLN5FOhPcekYLfT2Klg-g6=w269-h298-k-no, https://streetviewpixels-pa.googleapis.com/v1/thumbnail?panoid=Q3d9HcJfniAtwLDObGqmeA&cb_client=maps_sv.tactile.gps&w=224&h=298&yaw=57.459652&pitch=0&thumbfov=100",129b64fd51d2dbb2885196c6b99bc6cf,"[{'review_title': '', 'reviewer': '', 'review': ""I really think it's a disgrace what happened today. My mother and I wanted to buy a shirt for my grandfather. Since 2G applies, we would both have our vaccination certificates, but my mother would have forgotten her ID instead of her â€¦ More"", 'review_age': '2 years ago'}, {'review_title': '', 'reviewer': '', 'review': 'Always great offers and good products. Nice staff', 'review_age': '3 years ago'}, {'review_title': '', 'reviewer': '', 'review': 'Like all shops', 'review_age': '8 months ago'}]",[''],9.0343931,50.1830441,https://www.google.com/maps/place/NKD/data=!4m7!3m6!1s0x47bd22957b09e667:0x368fedeade244b93!8m2!3d50.1830441!4d9.0343931!16s%2Fg%2F11f3w7dxvf!19sChIJZ-YJe5UivUcRk0sk3urtjzY?authuser=0&hl=en&rclk=1,2024-11-12T09:46:45Z
NKD,5.0,2,Clothing store,"îƒˆ BahnhofstraÃŸe 28a, 56422 Wirges, Germany","BahnhofstraÃŸe 28a, 56422 Wirges, Germany","Tuesday, 9â€¯AMâ€“7â€¯PM, î…, Wednesday, 9â€¯AMâ€“7â€¯PM, î…, Thursday, 9â€¯AMâ€“7â€¯PM, î…, Friday, 9â€¯AMâ€“7â€¯PM, î…, Saturday, 9:30â€¯AMâ€“6â€¯PM, î…, Sunday, Closed, î…, Monday, 9â€¯AMâ€“7â€¯PM, î…",https://www.nkd.com,,,"FQCV+VJ Wirges, Germany Copy plus code","Open, â‹… Closes 7â€¯PM","https://lh5.googleusercontent.com/p/AF1QipMxYTgyH41MIbfwuYrqifbUjoPdZWrHNqd627JQ=w224-h298-k-no, https://streetviewpixels-pa.googleapis.com/v1/thumbnail?panoid=VY_t461ovh1vomSxAOtTgw&cb_client=maps_sv.tactile.gps&w=224&h=298&yaw=240.02147&pitch=0&thumbfov=100",NKD502,"https://lh5.googleusercontent.com/p/AF1QipMxYTgyH41MIbfwuYrqifbUjoPdZWrHNqd627JQ=w224-h298-k-no, https://streetviewpixels-pa.googleapis.com/v1/thumbnail?panoid=VY_t461ovh1vomSxAOtTgw&cb_client=maps_sv.tactile.gps&w=224&h=298&yaw=240.02147&pitch=0&thumbfov=100",63bb99a8604ec1fb2f797097a1e2931d,"[{'review_title': '', 'reviewer': '', 'review': 'A wide range of stores with affordable clothing for men, women and children of all kinds.', 'review_age': 'a year ago'}, {'review_title': '', 'reviewer': '', 'review': '', 'review_age': 'a year ago'}]",[''],7.7940113,50.4721789,https://www.google.com/maps/place/NKD/data=!4m7!3m6!1s0x47be8138f39e8fa9:0x9977ca6a47791708!8m2!3d50.4721789!4d7.7940113!16s%2Fg%2F11q2p88w9v!19sChIJqY-e8ziBvkcRCBd5R2rKd5k?authuser=0&hl=en&rclk=1,2024-11-12T09:46:48Z
NKD,4.4,31,Clothing store,"îƒˆ ObertorstraÃŸe 22-24, 35410 Hungen, Germany","ObertorstraÃŸe 22-24, 35410 Hungen, Germany","Tuesday, 9â€¯AMâ€“6â€¯PM, î…, Wednesday, 9â€¯AMâ€“6â€¯PM, î…, Thursday, 9â€¯AMâ€“6â€¯PM, î…, Friday, 9â€¯AMâ€“6â€¯PM, î…, Saturday, 9:30â€¯AMâ€“3â€¯PM, î…, Sunday, Closed, î…, Monday, 9â€¯AMâ€“6â€¯PM, î…",https://www.nkd.com,,,"FWG2+56 Hungen, Germany Copy plus code","Open, â‹… Closes 6â€¯PM","https://lh5.googleusercontent.com/p/AF1QipMrLwnN2VTyo-o0yd2s5GcEinGnYgHAFjJOy4KB=w544-h298-k-no, https://lh5.googleusercontent.com/p/AF1QipPKWGN8Zkom34ffK4indgbDb_iCO2Eo0ma1YKU9=w816-h298-k-no, https://lh5.googleusercontent.com/p/AF1QipOVNrX0-p44o3REAe0nfG5c8DTwjK0QOZ1NliKa=w224-h398-k-no, https://streetviewpixels-pa.googleapis.com/v1/thumbnail?panoid=yVfl0WyXCGvIQGj5vdMsRw&cb_client=maps_sv.tactile.gps&w=224&h=298&yaw=13.220859&pitch=0&thumbfov=100",NKD4431,"https://lh5.googleusercontent.com/p/AF1QipMrLwnN2VTyo-o0yd2s5GcEinGnYgHAFjJOy4KB=w544-h298-k-no, https://lh5.googleusercontent.com/p/AF1QipPKWGN8Zkom34ffK4indgbDb_iCO2Eo0ma1YKU9=w816-h298-k-no, https://lh5.googleusercontent.com/p/AF1QipOVNrX0-p44o3REAe0nfG5c8DTwjK0QOZ1NliKa=w224-h398-k-no, https://streetviewpixels-pa.googleapis.com/v1/thumbnail?panoid=yVfl0WyXCGvIQGj5vdMsRw&cb_client=maps_sv.tactile.gps&w=224&h=298&yaw=13.220859&pitch=0&thumbfov=100",a49b351729928e1b994f3308d714ed80,"[{'review_title': '', 'reviewer': '', 'review': 'A pleasantly sized branch with a good selection. The shop is at ground level and there is enough space for a wheelchair or walker. Unfortunately, the shop is on the main road and there are almost no parking spaces available and you have to â€¦ More', 'review_age': '3 years ago'}, {'review_title': '', 'reviewer': '', 'review': ""Very friendly staff. It's clean and there are often good promotions."", 'review_age': 'a year ago'}, {'review_title': '', 'reviewer': '', 'review': 'Super nice, helpful saleswoman. Well sorted, clean and cheap. My recommendation.', 'review_age': '3 years ago'}]",[''],8.9005494,50.4754897,https://www.google.com/maps/place/NKD/data=!4m7!3m6!1s0x47bce530404f383f:0x879e56d96998c70!8m2!3d50.4754897!4d8.9005494!16s%2Fg%2F1thvg1bw!19sChIJPzhPQDDlvEcRcIyZlm3leQg?authuser=0&hl=en&rclk=1,2024-11-12T09:46:50Z
NKD,4.3,21,Clothing store,"îƒˆ RÃ¶merstraÃŸe 17, 63486 BruchkÃ¶bel, Germany","RÃ¶merstraÃŸe 17, 63486 BruchkÃ¶bel, Germany","Tuesday, 10â€¯AMâ€“6â€¯PM, î…, Wednesday, 10â€¯AMâ€“6â€¯PM, î…, Thursday, 10â€¯AMâ€“6â€¯PM, î…, Friday, 10â€¯AMâ€“6â€¯PM, î…, Saturday, 10â€¯AMâ€“4â€¯PM, î…, Sunday, Closed, î…, Monday, 10â€¯AMâ€“6â€¯PM, î…",https://www.nkd.com,,,"5WH6+MG BruchkÃ¶bel, Germany Copy plus code","Open, â‹… Closes 6â€¯PM","https://lh5.googleusercontent.com/p/AF1QipNRmg-MG-tkcHR48KvHgAOAXWjIsgUd1Q1KXzt4=w224-h298-k-no, https://lh5.googleusercontent.com/p/AF1QipNRmg-MG-tkcHR48KvHgAOAXWjIsgUd1Q1KXzt4=w224-h298-k-no, https://streetviewpixels-pa.googleapis.com/v1/thumbnail?panoid=hMR5zDGj92qR8dlJl15YjA&cb_client=maps_sv.tactile.gps&w=224&h=298&yaw=280.28983&pitch=0&thumbfov=100",NKD4321,"https://lh5.googleusercontent.com/p/AF1QipNRmg-MG-tkcHR48KvHgAOAXWjIsgUd1Q1KXzt4=w224-h298-k-no, https://lh5.googleusercontent.com/p/AF1QipNRmg-MG-tkcHR48KvHgAOAXWjIsgUd1Q1KXzt4=w224-h298-k-no, https://streetviewpixels-pa.googleapis.com/v1/thumbnail?panoid=hMR5zDGj92qR8dlJl15YjA&cb_client=maps_sv.tactile.gps&w=224&h=298&yaw=280.28983&pitch=0&thumbfov=100",b2d936028e42fbf90a7a9a3bfd599454,"[{'review_title': '', 'reviewer': '', 'review': ""Unfortunately, there is an intern here who is probably not even of age. Without a second leader. She brought the NKD with her from Gelnhausen to exchange. The employee says that new fashion is not unpacked in the warehouse. She can't do it â€¦ More"", 'review_age': 'a year ago'}, {'review_title': '', 'reviewer': '', 'review': ""no children's clothes in 110 or similar. When I asked if there was anything else coming in, it was answered in the negative. Dear branch manager, consider your decision. PS: the lady was absolutely friendly."", 'review_age': '2 years ago'}, {'review_title': '', 'reviewer': '', 'review': ""I'm a real fan of NKD...\nPrice-performance is top... and the sizes are completely normal...\nThe staff are all very friendly and helpful. I feel very comfortable and always enjoy coming back â˜ºï¸"", 'review_age': '3 years ago'}]",[''],8.9113287,50.1791849,https://www.google.com/maps/place/NKD/data=!4m7!3m6!1s0x47bd19ba6239cbe1:0xc02da1e92a27ec2b!8m2!3d50.1791849!4d8.9113287!16s%2Fg%2F11fqy5c10n!19sChIJ4cs5YroZvUcRK-wnKumhLcA?authuser=0&hl=en&rclk=1,2024-11-12T09:46:52Z
NKD,4.1,54,Clothing store,"îƒˆ BahnhofstraÃŸe 34, 64720 Michelstadt, Germany","BahnhofstraÃŸe 34, 64720 Michelstadt, Germany","Tuesday, 9â€¯AMâ€“6:30â€¯PM, î…, Wednesday, 9â€¯AMâ€“6:30â€¯PM, î…, Thursday, 9â€¯AMâ€“6:30â€¯PM, î…, Friday, 9â€¯AMâ€“6:30â€¯PM, î…, Saturday, 9:30â€¯AMâ€“2â€¯PM, î…, Sunday, Closed, î…, Monday, 9â€¯AMâ€“6:30â€¯PM, î…",https://www.nkd.com,,,"M2J2+HX Michelstadt, Germany Copy plus code","Open, â‹… Closes 6:30â€¯PM","https://lh5.googleusercontent.com/p/AF1QipPLfs7TQF4mUlOPXXUjCP9wwkhEsP-kc0GrRM2d=w397-h298-k-no, https://lh5.googleusercontent.com/p/AF1QipOt5DYFB3ZYRU9G-dF9zi7yHqkgBb8RTEV-_1Lz=w224-h298-k-no, https://streetviewpixels-pa.googleapis.com/v1/thumbnail?panoid=-95xUplPPLo8oPNQ-4tPKg&cb_client=maps_sv.tactile.gps&w=224&h=298&yaw=253.9208&pitch=0&thumbfov=100",NKD4154,"https://lh5.googleusercontent.com/p/AF1QipPLfs7TQF4mUlOPXXUjCP9wwkhEsP-kc0GrRM2d=w397-h298-k-no, https://lh5.googleusercontent.com/p/AF1QipOt5DYFB3ZYRU9G-dF9zi7yHqkgBb8RTEV-_1Lz=w224-h298-k-no, https://streetviewpixels-pa.googleapis.com/v1/thumbnail?panoid=-95xUplPPLo8oPNQ-4tPKg&cb_client=maps_sv.tactile.gps&w=224&h=298&yaw=253.9208&pitch=0&thumbfov=100",a7aed7e39619d2ad35ab962e6b216bb7,"[{'review_title': '', 'reviewer': '', 'review': 'Ok.', 'review_age': '3 years ago'}, {'review_title': '', 'reviewer': '', 'review': 'Friendly employees who make an effort to give advice. Unfortunately not always my taste in goods', 'review_age': '10 months ago'}, {'review_title': '', 'reviewer': '', 'review': 'always nice to browse. I like to buy shirts and shirts here, with a good price-performance ratio for me.', 'review_age': '11 months ago'}]",[''],9.0024691,49.6814692,https://www.google.com/maps/place/NKD/data=!4m7!3m6!1s0x47bd5888dfe5f00d:0x693bb5bf464a2d2e!8m2!3d49.6814692!4d9.0024691!16s%2Fg%2F1tfb5pmr!19sChIJDfDl34hYvUcRLi1KRr-1O2k?authuser=0&hl=en&rclk=1,2024-11-12T09:46:57Z
NKD,4.2,39,Clothing store,"îƒˆ Friedrich-Ebert-StraÃŸe 33 - 35, 64342 Seeheim-Jugenheim, Germany","Friedrich-Ebert-StraÃŸe 33 - 35, 64342 Seeheim-Jugenheim, Germany","Tuesday, 9â€¯AMâ€“7â€¯PM, î…, Wednesday, 9â€¯AMâ€“7â€¯PM, î…, Thursday, 9â€¯AMâ€“7â€¯PM, î…, Friday, 9â€¯AMâ€“7â€¯PM, î…, Saturday, 9â€¯AMâ€“6â€¯PM, î…, Sunday, Closed, î…, Monday, 9â€¯AMâ€“7â€¯PM, î…",https://www.nkd.com,,,"QJFR+9J Seeheim-Jugenheim, Germany Copy plus code","Open, â‹… Closes 7â€¯PM","https://lh5.googleusercontent.com/p/AF1QipMW_LUJFs4XgL9LTSuFWmHRBmQqmgMi2U4ZAmYV=w432-h298-k-no, https://lh5.googleusercontent.com/p/AF1QipNgHgRNyWMI4B6NQ1iyEvQ_tkoQwd_hYLGvXhmO=w397-h298-k-no",NKD4239,"https://lh5.googleusercontent.com/p/AF1QipMW_LUJFs4XgL9LTSuFWmHRBmQqmgMi2U4ZAmYV=w432-h298-k-no, https://lh5.googleusercontent.com/p/AF1QipNgHgRNyWMI4B6NQ1iyEvQ_tkoQwd_hYLGvXhmO=w397-h298-k-no",9d24d87047a72e5e5ccfd5d8097ac09b,"[{'review_title': '', 'reviewer': '', 'review': 'Plenty of interesting goodies. The clothing is generally on low prices, but still some great styles.', 'review_age': '2 years ago'}, {'review_title': '', 'reviewer': '', 'review': ""Very well stocked store, with DPD\nParcel service and friendly staff, I'll always go back\nthere."", 'review_age': 'a year ago'}, {'review_title': '', 'reviewer': '', 'review': 'The employees are always very friendly and helpful. Clean store clearly laid out. Parking spaces directly nearby.', 'review_age': '2 years ago'}]",[''],8.6415889,49.7734014,https://www.google.com/maps/place/NKD/data=!4m7!3m6!1s0x47bd7c98ae2a5e99:0xe452a018084d8908!8m2!3d49.7734014!4d8.6415889!16s%2Fg%2F11h1f1lrf!19sChIJmV4qrph8vUcRCIlNCBigUuQ?authuser=0&hl=en&rclk=1,2024-11-12T09:47:08Z
NKD,4.4,90,Clothing Shop,"îƒˆ WaldstraÃŸe 63, 64569 Nauheim, Germany","WaldstraÃŸe 63, 64569 Nauheim, Germany","Tuesday, 9â€¯amâ€“7â€¯pm, î…, Wednesday, 9â€¯amâ€“7â€¯pm, î…, Thursday, 9â€¯amâ€“7â€¯pm, î…, Friday, 9â€¯amâ€“7â€¯pm, î…, Saturday, 9â€¯amâ€“3â€¯pm, î…, Sunday, Closed, î…, Monday, 9â€¯amâ€“7â€¯pm, î…",https://www.nkd.com,,,,"Open, â‹… Closes 7â€¯pm","https://streetviewpixels-pa.googleapis.com/v1/thumbnail?panoid=Ba_gDKQt0tqZVJ43hwYRKw&cb_client=maps_sv.tactile.gps&w=224&h=298&yaw=89.841225&pitch=0&thumbfov=100, https://streetviewpixels-pa.googleapis.com/v1/thumbnail?panoid=Ba_gDKQt0tqZVJ43hwYRKw&cb_client=maps_sv.tactile.gps&w=224&h=298&yaw=89.841225&pitch=0&thumbfov=100",NKD4490,"https://streetviewpixels-pa.googleapis.com/v1/thumbnail?panoid=Ba_gDKQt0tqZVJ43hwYRKw&cb_client=maps_sv.tactile.gps&w=224&h=298&yaw=89.841225&pitch=0&thumbfov=100, https://streetviewpixels-pa.googleapis.com/v1/thumbnail?panoid=Ba_gDKQt0tqZVJ43hwYRKw&cb_client=maps_sv.tactile.gps&w=224&h=298&yaw=89.841225&pitch=0&thumbfov=100",aa40e635c55256350825e51da25604cd,"[{'review_title': '', 'reviewer': '', 'review': 'Simply great quality ğŸ‘\nAt a good price â€¦', 'review_age': '4 months ago'}, {'review_title': '', 'reviewer': '', 'review': 'I like shopping there, I always find something nice there. I can only recommend nice saleswomen', 'review_age': 'a year ago'}, {'review_title': '', 'reviewer': '', 'review': ""It's a wonderful place, but unfortunately you can't say it like that now, because the level of the river has risen quite a lot and it's a bit scary, but it's still wonderful... I love it...â¤"", 'review_age': '10 months ago'}]",[''],8.4581277,49.9516857,https://www.google.com/maps/place/NKD/data=!4m7!3m6!1s0x47bd9c2c853c2d19:0x964993a880f99cae!8m2!3d49.9516857!4d8.4581277!16s%2Fg%2F12lvg4b90!19sChIJGS08hSycvUcRrpz5gKiTSZY?authuser=0&hl=en&rclk=1,2024-11-12T09:47:09Z
NKD,3.6,38,Clothing store,"îƒˆ BahnhofstraÃŸe 25, 64732 Bad KÃ¶nig, Germany","BahnhofstraÃŸe 25, 64732 Bad KÃ¶nig, Germany","Tuesday, 9â€¯amâ€“6â€¯pm, î…, Wednesday, 9â€¯amâ€“6â€¯pm, î…, Thursday, 9â€¯amâ€“6â€¯pm, î…, Friday, 9â€¯amâ€“6â€¯pm, î…, Saturday, 9â€¯amâ€“2â€¯pm, î…, Sunday, Closed, î…, Monday, 9â€¯amâ€“6â€¯pm, î…",https://www.nkd.com,,,"P2R3+7F Bad KÃ¶nig, Germany Copy plus code","Open, â‹… Closes 6â€¯pm","https://streetviewpixels-pa.googleapis.com/v1/thumbnail?panoid=9HGlnse5CYR3Ur7ioHKWkg&cb_client=maps_sv.tactile.gps&w=224&h=298&yaw=309.81802&pitch=0&thumbfov=100, https://streetviewpixels-pa.googleapis.com/v1/thumbnail?panoid=9HGlnse5CYR3Ur7ioHKWkg&cb_client=maps_sv.tactile.gps&w=224&h=298&yaw=309.81802&pitch=0&thumbfov=100",NKD3638,"https://streetviewpixels-pa.googleapis.com/v1/thumbnail?panoid=9HGlnse5CYR3Ur7ioHKWkg&cb_client=maps_sv.tactile.gps&w=224&h=298&yaw=309.81802&pitch=0&thumbfov=100, https://streetviewpixels-pa.googleapis.com/v1/thumbnail?panoid=9HGlnse5CYR3Ur7ioHKWkg&cb_client=maps_sv.tactile.gps&w=224&h=298&yaw=309.81802&pitch=0&thumbfov=100",5206065e0df509e910f89e06004b1f5b,"[{'review_title': '', 'reviewer': '', 'review': 'Ok', 'review_age': '2 years ago'}, {'review_title': '', 'reviewer': '', 'review': ""Lots of choice for men, even with a size of 1.94. ğŸ˜€ Plus nice and helpful employees. That's how it should be everywhere. Was really very satisfied. â€¦"", 'review_age': '2 years ago'}, {'review_title': '', 'reviewer': '', 'review': 'No oversizes for men and women, no more bed linen, friendly staff, every now and then', 'review_age': 'a year ago'}]",[''],9.0036477,49.7406434,https://www.google.com/maps/place/NKD/data=!4m7!3m6!1s0x47bd596881dd2dbf:0xbcb5e073e02b6825!8m2!3d49.7406434!4d9.0036477!16s%2Fg%2F1w_vmd30!19sChIJvy3dgWhZvUcRJWgr4HPgtbw?authuser=0&hl=en&rclk=1,2024-11-12T09:47:20Z
NKD,4.1,70,Clothing store,"îƒˆ PoststraÃŸe 1 A, 56841 Traben-Trarbach, Germany","PoststraÃŸe 1 A, 56841 Traben-Trarbach, Germany","Tuesday, 9:30â€¯AMâ€“6â€¯PM, î…, Wednesday, 9:30â€¯AMâ€“6â€¯PM, î…, Thursday, 9:30â€¯AMâ€“6â€¯PM, î…, Friday, 9:30â€¯AMâ€“6â€¯PM, î…, Saturday, 10â€¯AMâ€“4â€¯PM, î…, Sunday, Closed, î…, Monday, 9:30â€¯AMâ€“6â€¯PM, î…",https://www.nkd.com,,,"X428+6J Traben-Trarbach, Germany Copy plus code","Open, â‹… Closes 6â€¯PM","https://lh5.googleusercontent.com/p/AF1QipP2tHXrwEtA7ZMv6kU9-L3SHHVdmeGaHKGMiFGC=w529-h298-k-no, https://lh5.googleusercontent.com/p/AF1QipNF5AQDVyqqiZ1koUBGTilp8AXZjErcZfMwb13J=w397-h298-k-no, https://lh5.googleusercontent.com/p/AF1QipP2tHXrwEtA7ZMv6kU9-L3SHHVdmeGaHKGMiFGC=w529-h298-k-no",NKD4170,"https://lh5.googleusercontent.com/p/AF1QipP2tHXrwEtA7ZMv6kU9-L3SHHVdmeGaHKGMiFGC=w529-h298-k-no, https://lh5.googleusercontent.com/p/AF1QipNF5AQDVyqqiZ1koUBGTilp8AXZjErcZfMwb13J=w397-h298-k-no, https://lh5.googleusercontent.com/p/AF1QipP2tHXrwEtA7ZMv6kU9-L3SHHVdmeGaHKGMiFGC=w529-h298-k-no",3f008cef65e3367e20def2da6a2ddc40,"[{'review_title': '', 'reviewer': '', 'review': 'unprofessional salesman behavior', 'review_age': '5 years ago'}, {'review_title': '', 'reviewer': '', 'review': 'Neat clean store. Friendly woman. Parking is available around the corner. First half hour (or 1 hour) with parking disc, then very little per hour via the meter.', 'review_age': '3 months ago'}, {'review_title': '', 'reviewer': '', 'review': 'Clean and tidy branch.\nAisles with enough space to get through.', 'review_age': 'a year ago'}]",[''],7.1165712,49.9505323,https://www.google.com/maps/place/NKD/data=!4m7!3m6!1s0x47be24d946f49cf7:0x9f4a6cfa362b1f08!8m2!3d49.9505323!4d7.1165712!16s%2Fg%2F1tfm5sr2!19sChIJ95z0RtkkvkcRCB8rNvpsSp8?authuser=0&hl=en&rclk=1,2024-11-12T09:47:23Z
